post_image_urls,post_text,
https://assets.stylumia.com/originals/2024/11/68/63c99c7dbd7069525202486e6283a0a3eccde889203c64d25256d3b0d9e53a19.jpg
https://assets.stylumia.com/originals/2024/11/68/f36a00192e4b217fa5b07ccd108b3aa68a880c11c550bb0d5ae17a7c449ed581.jpg
https://assets.stylumia.com/originals/2024/11/145/08d5952319c2efbb3c078eea151eff3b0b8b5fc3c1916d9bcc45285c7103cb78.jpg
https://assets.stylumia.com/originals/2024/11/145/f5bc58b78036e55c23c6a48b0260b22353f3f17881f2a58ff548ff1e03b428c7.jpg
https://assets.stylumia.com/originals/2024/11/185/8069eae2814bb0ea6745399ad19fea4d622524350fd5ae6893b29e0beef7e88d.jpg
https://assets.stylumia.com/originals/2024/11/185/52222efec7aca1f5e475c3d9231f76a4cb82bf7d0217012d042c61ec420f52cc.jpg,
https://assets.stylumia.com/originals/2024/11/49/5c1df941fc4818e6461b90e2830e01c502759657f30023effc75062b6aaefc77.jpg,
https://assets.stylumia.com/originals/2024/11/49/1f6a7d204995064f598b8a42fe8fa97ce9251866c3b9f83f1bdf5d77e10f721e.jpg,
https://assets.stylumia.com/originals/2024/11/401/67366e67e01d2ca19fda979eb97c478ccd8c048df8ab42534d5105e67ba78c89.jpg,
https://assets.stylumia.com/originals/2024/11/401/f9e6dc103f1c7d214abad01dd96ac7f5311bc6644242e62fb73e0d16a2ad9d16.jpg,
https://assets.stylumia.com/originals/2024/11/198/73baf2381a0bc6b275aa75a8555bfcbd3981ade1a07406438cbc7a8d901a9c07.jpg,
https://assets.stylumia.com/originals/2024/11/198/be6c20942013c7de23e1dc5efc06a48a3dd406682f47d182c9a6903387ed8d47.jpg,
https://assets.stylumia.com/originals/2024/11/49/0a91b9b11129a96345e5e0102f4acfef0042d326fd455ba4d513c3c259bf22f8.jpg,
https://assets.stylumia.com/originals/2024/11/49/50f1af0599b02b44f2038b87f52a2d2398dec335df565e352e2cfcdd97e601d5.jpg,
https://assets.stylumia.com/originals/2024/10/8/e62e5661243953f25a2e34f4336a1ca9f90568a2344f9a0e0f1b71d80d62cff3.jpg
https://assets.stylumia.com/originals/2024/10/8/b7a12bf0042c5ee9cca44ec607146626e62adc803d6d81c055fc295f2b7937ea.jpg
https://assets.stylumia.com/originals/2024/11/161/2a54452bc97ff788f142222ff273c35e58ad95a33665de5154cff179e4d2ff9e.jpg,
https://assets.stylumia.com/originals/2024/11/161/8cfaa44e9771bf8732c7d79fdd145c96fce42d02dbdb916bb25f7154b06703a7.jpg,
https://assets.stylumia.com/originals/2024/11/67/9cc1041f369dd8aca6e543c83f8abecf7a5ccf461a21e2927a39c77936a4b74c.jpg,
https://assets.stylumia.com/originals/2024/11/67/9959824b11d9196e621b9cebc176a6307fe38b6b894ac695119df3e181cf1d7f.jpg,